656,Men's Over The Calf Tube Socks 6-Pack
10967084,"Hanes Men's Max Cushion Crew Socks, 6-Pack"
20700352,"Men's Crew Socks, 6 Pack"
22733736,Men's Work Gear Heavy Duty Crew Socks 6-Pack
23954188,"Hanes Men's X-Temp Ankle Socks, 4 Pack"
23954208,Men's ComfortBlend Low Cut Socks 6-Pack
24033916,"Women's Arch Support Crew Socks, 6 Pack"
24100820,"Women's Arch Support Ankle Socks, 6 Pack"
24726608,"Women's Fresh Sense Socks, 6-Pack"
42381060,Hanes Men's X-Temp Comfort Cool Ankle Socks 6-Pack
43306168,"Hanes Toddler Boy Low Cut Socks, 10-Pack"
47494116,Women's Travel Compression Socks 2 Pack
51408108,Men's Comfortblend FreshIQ Crew Socks 6-Pack
51445500,"Hanes Comfort Blend Ankle Socks, 6 Pack"
51445504,"Hanes Comfort Blend Low Cut Socks, 6 Pack"
116181100,"Men's Marled Athletic Crew Socks, 6 Pairs"
118078560,Men's Strike Bowling Socks (Black)
139309980,Men's Neuropathy Gel Footbed Crew Socks - Black
169382936,Men's Crew Socks Value 12-Pack
178499584,"Men's ComfortSoft Cushion Crew Socks, 6 Pack"
200012216,"Pink Floyd Men's Crew Socks, 6-Pack"
249799436,"Reebok Men's Pro Series Crew Socks, 6-Pack"
351091744,Everlast  6PK Over The Calf Tube Socks (Men)
383593876,Men's X-Temp Active Cool Crew Socks Value 24-Pack
398620772,"Minnie Mouse Toddler Girls' Socks, 6-Pack"
430364128,"Hersheys Men's Crew Socks, 6-Pack"
437717232,"Men's Durable Work Crew Sock, 8-Pack"
481541892,"Mens Holiday Santa Socks, 1-Pack"
511366424,Men's Thermal L/S T-Shirts (4-Pack)
546042212,Men's Water Shoes Aqua Socks Colors
550669752,Men's Timex Chicago Cubs Acclaim Watch
570862320,"Women's ComfortSoft Low Cut Socks, 6 Pack"
616560124,Men's Work Gear Crew Socks 6 Pairs
740669148,"Mickey Mouse Toddler Boys’ Socks, 6-Pack"
828299384,"Horror Movies Men's Crew Socks, 6-Pack"
840118260,"Men‘s Pro Platinum Low Cut Socks, 6 Pack"
848209072,"Ryan's World Boys No Show Socks, 8-Pack"
870299396,"Hanes Mens X-Temp Ankle Socks, 12-Pack"
884493320,"Lee Men's Steel Toe Crew Work Socks, 2 Pair, Black"
894509524,"Peanuts Snoopy Men’s Crew Socks, 6-Pack"
937280728,Men's Belted Cotton Cargo Shorts (3-Pack)
938908716,Men's Expandable Calf Rubber Boot Black Shoe
940365896,"Reebok Men's Pro Series Low Cut Socks, 6-Pack"
940436276,"Men's Caterpillar Crew socks, 3 Pack"
953519604,"Genuine Dickies Quarter Socks, 6 Pack"
953791876,Men's Belted Cotton Cargo Shorts (3-Pack)
962521280,Women's Everyday Active No Show Socks 6 Pack
976634636,Nike Over-the-Calf Baseball Socks 2 Pack
1546401740,Hanes Men's Over-the-Calf Tube Socks
2866387472,Hanes Men's Comfort Over-the-Calf Tube Socks 12-Pack
